{"cameraMode":{"drawMode":0,"name":"Shaded","section":"Shading Mode"},"sceneLighting":false,"audioPlay":false,"sceneViewState":{"showFog":true,"showMaterialUpdate":false,"showSkybox":false,"showFlares":true,"showImageEffects":true,"showParticleSystems":true},"in2DMode":false,"pivot":{"x":-2.740000009536743,"y":2.140000104904175,"z":0.7999999523162842},"rotation":{"x":-0.2751331925392151,"y":0.4007861614227295,"z":-0.127552792429924,"w":-0.8645710945129395},"size":16.229751586914064,"orthographic":false}